City_ID,City,Country,Date,Lat,Lng,Max Temp,Humidity,Cloudiness,Wind Speed
0,Kruisfontein,ZA,2021-03-12 22:52:31,-34.0033,24.7314,69.53,64,69,2.51
1,Cayenne,GF,2021-03-12 23:01:12,4.9333,-52.3333,73.4,94,0,2.3
2,Hamilton,US,2021-03-12 22:49:10,39.1834,-84.5333,59.0,33,75,8.05
3,Harper,LR,2021-03-12 23:01:13,4.375,-7.7169,79.11,87,90,5.93
4,Ratnagiri,IN,2021-03-12 22:51:47,16.9833,73.3,75.15,60,59,3.85
5,Berlevag,NO,2021-03-12 23:01:13,70.8578,29.0864,19.4,86,75,17.27
6,East London,ZA,2021-03-12 23:00:02,-33.0153,27.9116,74.61,86,31,16.93
7,Busselton,AU,2021-03-12 23:01:14,-33.65,115.3333,46.0,87,0,11.7
8,Abong Mbang,CM,2021-03-12 23:01:14,3.9833,13.1833,70.63,94,93,3.67
9,Jamestown,US,2021-03-12 22:57:57,42.097,-79.2353,46.4,36,1,16.89
10,Ushuaia,AR,2021-03-12 23:01:15,-54.8,-68.3,51.8,71,75,31.07
11,Georgetown,MY,2021-03-12 23:01:15,5.4112,100.3354,77.0,94,20,3.44
12,Piacabucu,BR,2021-03-12 23:01:16,-10.4056,-36.4344,79.18,78,44,10.76
13,Narsaq,GL,2021-03-12 22:51:52,60.9167,-46.05,14.0,62,75,8.05
14,Ushuaia,AR,2021-03-12 23:01:15,-54.8,-68.3,51.8,71,75,31.07
15,Muzaffarabad,PK,2021-03-12 22:58:14,34.37,73.4711,52.27,67,91,7.34
16,Hobyo,SO,2021-03-12 23:01:17,5.3505,48.5268,77.25,82,58,12.75
17,Hermanus,ZA,2021-03-12 23:01:18,-34.4187,19.2345,63.0,92,88,3.0
18,Villa Maria,AR,2021-03-12 23:01:19,-32.4075,-63.2402,78.37,43,99,2.46
19,Punta Arenas,CL,2021-03-12 23:01:19,-53.15,-70.9167,55.4,67,75,24.16
20,Jamestown,US,2021-03-12 22:57:57,42.097,-79.2353,46.4,36,1,16.89
21,Turukhansk,RU,2021-03-12 23:01:20,65.8167,87.9833,-14.28,97,84,13.18
22,Villa Carlos Paz,AR,2021-03-12 23:01:20,-31.4241,-64.4978,71.6,78,0,4.61
23,East London,ZA,2021-03-12 23:00:02,-33.0153,27.9116,74.61,86,31,16.93
24,Orbetello,IT,2021-03-12 23:01:21,42.4408,11.2196,52.0,87,40,3.44
25,Tasiilaq,GL,2021-03-12 23:01:21,65.6145,-37.6368,15.8,86,90,2.3
26,Maragogi,BR,2021-03-12 22:59:53,-9.0122,-35.2225,78.85,77,0,8.9
27,Ushuaia,AR,2021-03-12 23:01:15,-54.8,-68.3,51.8,71,75,31.07
28,Dikson,RU,2021-03-12 23:01:23,73.5069,80.5464,-10.53,92,100,17.74
29,Zhezkazgan,KZ,2021-03-12 23:01:24,47.8043,67.7144,-6.36,86,12,14.88
30,Cape Town,ZA,2021-03-12 22:56:26,-33.9258,18.4232,66.0,94,0,4.61
31,Beloha,MG,2021-03-12 23:01:24,-25.1667,45.05,73.18,73,0,16.11
32,Dingle,PH,2021-03-12 23:01:25,10.9995,122.6711,76.05,93,100,7.45
33,Sept-Iles,CA,2021-03-12 23:01:25,50.2001,-66.3821,28.99,59,90,17.27
34,Husavik,IS,2021-03-12 23:01:25,66.0449,-17.3389,30.2,80,75,10.36
35,Jamestown,US,2021-03-12 22:57:57,42.097,-79.2353,46.4,36,1,16.89
36,Ushuaia,AR,2021-03-12 23:01:15,-54.8,-68.3,51.8,71,75,31.07
37,Manta,EC,2021-03-12 23:00:23,-0.95,-80.7333,82.4,83,40,5.75
38,Mahebourg,MU,2021-03-12 23:01:04,-20.4081,57.7,78.8,73,40,6.91
39,Victoria,HK,2021-03-12 23:01:24,22.2855,114.1577,70.0,84,87,18.39
40,Rawson,AR,2021-03-12 23:01:27,-43.3002,-65.1023,71.06,37,0,11.83
41,Van,TR,2021-03-12 22:59:37,38.4924,43.3831,24.8,68,20,8.05
42,San Rafael,AR,2021-03-12 23:01:27,-34.6177,-68.3301,76.03,50,11,7.7
43,East London,ZA,2021-03-12 23:00:02,-33.0153,27.9116,74.61,86,31,16.93
44,Lagoa Da Prata,BR,2021-03-12 23:01:28,-20.0225,-45.5436,71.98,83,27,4.12
45,Arraial Do Cabo,BR,2021-03-12 23:01:29,-22.9661,-42.0278,78.8,89,75,3.44
46,Bubaque,GW,2021-03-12 22:52:15,11.2833,-15.8333,78.87,63,0,10.87
47,Punta Arenas,CL,2021-03-12 23:01:19,-53.15,-70.9167,55.4,67,75,24.16
48,Pisco,PE,2021-03-12 23:01:30,-13.7,-76.2167,78.8,69,0,11.5
49,Mahebourg,MU,2021-03-12 23:01:04,-20.4081,57.7,78.8,73,40,6.91
50,Saint-Francois,FR,2021-03-12 23:01:30,46.4154,3.9054,44.6,76,0,5.75
51,Kidal,ML,2021-03-12 23:01:31,18.4411,1.4078,66.67,23,2,10.58
52,Viedma,AR,2021-03-12 23:01:31,-40.8135,-62.9967,69.21,35,66,7.78
53,Hermanus,ZA,2021-03-12 23:01:18,-34.4187,19.2345,63.0,92,88,3.0
54,Cape Town,ZA,2021-03-12 22:56:26,-33.9258,18.4232,66.0,94,0,4.61
55,Brae,GB,2021-03-12 23:01:32,60.3964,-1.353,41.0,81,75,26.46
56,Qaanaaq,GL,2021-03-12 23:01:32,77.484,-69.3632,-2.07,78,99,1.59
57,Los Llanos De Aridane,ES,2021-03-12 22:52:02,28.6585,-17.9182,64.4,72,75,8.05
58,Sao Joao Da Barra,BR,2021-03-12 23:01:33,-21.6403,-41.0511,77.09,88,98,8.63
59,Busselton,AU,2021-03-12 23:01:14,-33.65,115.3333,46.0,87,0,11.7
60,Hermanus,ZA,2021-03-12 23:01:18,-34.4187,19.2345,63.0,92,88,3.0
61,Dawlatabad,AF,2021-03-12 23:01:34,36.4141,64.9053,61.39,37,99,7.4
62,Ogulin,HR,2021-03-12 23:01:35,45.2661,15.2286,46.4,100,75,5.75
63,Hermanus,ZA,2021-03-12 23:01:18,-34.4187,19.2345,63.0,92,88,3.0
64,Ushuaia,AR,2021-03-12 23:01:15,-54.8,-68.3,51.8,71,75,31.07
65,Inhambane,MZ,2021-03-12 23:01:35,-23.865,35.3833,76.51,87,5,11.99
66,Saldanha,ZA,2021-03-12 23:01:36,-33.0117,17.9442,60.8,88,44,4.61
67,Jamestown,US,2021-03-12 22:57:57,42.097,-79.2353,46.4,36,1,16.89
68,Ancud,CL,2021-03-12 23:01:36,-41.8697,-73.8203,61.0,72,0,8.05
69,Port Elizabeth,ZA,2021-03-12 22:59:58,-33.918,25.5701,68.0,94,0,5.37
70,Camana,PE,2021-03-12 23:01:37,-16.6228,-72.7111,74.43,82,0,7.11
71,Cape Town,ZA,2021-03-12 22:56:26,-33.9258,18.4232,66.0,94,0,4.61
72,Stornoway,GB,2021-03-12 23:01:38,58.2093,-6.3865,35.6,87,36,5.75
73,Ribeira Grande,PT,2021-03-12 23:01:38,38.5167,-28.7,60.06,82,100,16.46
74,Ponta Do Sol,PT,2021-03-12 23:01:38,32.6667,-17.1,57.99,69,86,1.01
75,Kibi,GH,2021-03-12 23:01:39,6.1649,-0.5538,75.42,93,100,2.75
76,Quatre Cocos,MU,2021-03-12 23:01:39,-20.2078,57.7625,78.8,73,40,6.91
77,Oulainen,FI,2021-03-12 23:01:40,64.2667,24.8,19.99,90,82,5.01
78,Cap-Chat,CA,2021-03-12 23:01:40,49.1001,-66.6821,33.8,75,99,28.77
79,Port Alfred,ZA,2021-03-12 23:01:41,-33.5906,26.891,74.77,84,12,17.92
80,Azare,NG,2021-03-12 23:01:41,11.6765,10.1948,80.13,19,3,1.99
81,Ornskoldsvik,SE,2021-03-12 23:01:41,63.2909,18.7153,30.2,100,90,3.44
82,Port Alfred,ZA,2021-03-12 23:01:41,-33.5906,26.891,74.77,84,12,17.92
83,Longyearbyen,SJ,2021-03-12 23:01:42,78.2186,15.6401,-0.83,87,40,1.88
84,Punta Arenas,CL,2021-03-12 23:01:19,-53.15,-70.9167,55.4,67,75,24.16
85,Atbasar,KZ,2021-03-12 23:01:43,51.8,68.3333,-16.51,89,1,6.73
86,Necochea,AR,2021-03-12 23:01:43,-38.5473,-58.7368,66.0,60,12,3.0
87,Hithadhoo,MV,2021-03-12 23:01:44,-0.6,73.0833,83.5,62,64,5.84
88,Qaanaaq,GL,2021-03-12 23:01:32,77.484,-69.3632,-2.07,78,99,1.59
89,Haverfordwest,GB,2021-03-12 23:01:44,51.8017,-4.9691,45.0,93,100,21.0
90,Codrington,AU,2021-03-12 23:01:45,-38.2667,141.9667,63.03,94,100,13.22
91,Namibe,AO,2021-03-12 23:01:45,-15.1961,12.1522,76.87,77,88,7.58
92,Nuuk,GL,2021-03-12 23:01:45,64.1835,-51.7216,15.8,67,99,6.91
93,Ushuaia,AR,2021-03-12 23:01:15,-54.8,-68.3,51.8,71,75,31.07
94,Plettenberg Bay,ZA,2021-03-12 23:01:46,-34.0527,23.3716,69.73,67,84,5.14
95,Hermanus,ZA,2021-03-12 23:01:18,-34.4187,19.2345,63.0,92,88,3.0
96,Kushmurun,KZ,2021-03-12 23:01:47,52.4503,64.6311,-10.07,89,0,9.22
97,Sheopur,IN,2021-03-12 23:01:25,25.6667,76.7,65.44,69,13,2.15
98,Tasiilaq,GL,2021-03-12 23:01:21,65.6145,-37.6368,15.8,86,90,2.3
99,Port Alfred,ZA,2021-03-12 23:01:41,-33.5906,26.891,74.77,84,12,17.92
100,Cap Malheureux,MU,2021-03-12 23:01:07,-19.9842,57.6142,75.0,76,99,3.0
101,Port Alfred,ZA,2021-03-12 23:01:41,-33.5906,26.891,74.77,84,12,17.92
102,Longyearbyen,SJ,2021-03-12 23:01:42,78.2186,15.6401,-0.83,87,40,1.88
103,Cayenne,GF,2021-03-12 23:01:12,4.9333,-52.3333,73.4,94,0,2.3
104,Abu Samrah,SY,2021-03-12 23:01:49,35.3029,37.1841,44.13,68,0,6.04
105,Busselton,AU,2021-03-12 23:01:14,-33.65,115.3333,46.0,87,0,11.7
106,Murdochville,CA,2021-03-12 23:01:49,48.9583,-65.5006,33.8,69,97,23.02
107,Ushuaia,AR,2021-03-12 23:01:15,-54.8,-68.3,51.8,71,75,31.07
108,Saint George,US,2021-03-12 23:00:09,37.1041,-113.5841,44.01,81,75,3.44
109,Mancio Lima,BR,2021-03-12 23:01:50,-7.6142,-72.8958,86.0,70,75,3.44
110,East London,ZA,2021-03-12 23:00:02,-33.0153,27.9116,74.61,86,31,16.93
111,Pitimbu,BR,2021-03-12 23:01:51,-7.4706,-34.8086,80.6,74,20,8.05
112,Kondopoga,RU,2021-03-12 23:01:51,62.2057,34.2614,23.0,80,100,8.95
113,Ushuaia,AR,2021-03-12 23:01:15,-54.8,-68.3,51.8,71,75,31.07
114,Faya,SA,2021-03-12 23:01:52,18.3851,42.4509,62.6,82,0,0.83
115,Zdvinsk,RU,2021-03-12 23:01:52,54.7021,78.661,-4.23,98,95,7.74
116,Iberia,US,2021-03-12 23:01:53,29.9502,-91.7507,78.01,61,1,13.8
117,Saint-Philippe,RE,2021-03-12 23:01:53,-21.3585,55.7679,77.0,69,0,8.05
118,Dwarka,IN,2021-03-12 22:58:05,22.2394,68.9678,73.8,82,9,10.42
119,Georgetown,MY,2021-03-12 23:01:15,5.4112,100.3354,77.0,94,20,3.44
120,Carutapera,BR,2021-03-12 23:01:54,-1.195,-46.02,76.68,89,84,5.44
121,Teguise,ES,2021-03-12 23:01:55,29.0605,-13.564,62.6,67,20,10.36
122,Ismailia,EG,2021-03-12 23:01:55,30.6043,32.2723,53.53,73,0,7.43
123,Punta Arenas,CL,2021-03-12 23:01:19,-53.15,-70.9167,55.4,67,75,24.16
124,Klaksvik,FO,2021-03-12 23:01:56,62.2266,-6.589,39.2,87,75,11.5
125,Hithadhoo,MV,2021-03-12 23:01:44,-0.6,73.0833,83.5,62,64,5.84
126,Hobyo,SO,2021-03-12 23:01:17,5.3505,48.5268,77.25,82,58,12.75
127,Upernavik,GL,2021-03-12 23:01:57,72.7868,-56.1549,-1.64,67,18,2.28
128,Antalaha,MG,2021-03-12 23:01:57,-14.9003,50.2788,74.46,90,49,7.94
129,Bathsheba,BB,2021-03-12 23:01:09,13.2167,-59.5167,78.8,65,40,18.41
130,Taoudenni,ML,2021-03-12 23:01:58,22.6783,-3.9836,67.23,34,0,10.04
131,Ushuaia,AR,2021-03-12 23:01:15,-54.8,-68.3,51.8,71,75,31.07
132,Vila Velha,BR,2021-03-12 23:01:59,-20.3297,-40.2925,82.99,78,20,10.36
133,Ribeira Grande,PT,2021-03-12 23:01:38,38.5167,-28.7,60.06,82,100,16.46
134,Gornyy,RU,2021-03-12 23:01:59,55.1153,83.9059,-9.33,100,90,6.64
135,Port Hawkesbury,CA,2021-03-12 23:02:00,45.6169,-61.3485,50.0,40,1,16.11
136,Cape Town,ZA,2021-03-12 22:56:26,-33.9258,18.4232,66.0,94,0,4.61
137,Port Alfred,ZA,2021-03-12 23:01:41,-33.5906,26.891,74.77,84,12,17.92
138,Hermanus,ZA,2021-03-12 23:01:18,-34.4187,19.2345,63.0,92,88,3.0
139,Saint-Philippe,RE,2021-03-12 23:01:53,-21.3585,55.7679,77.0,69,0,8.05
140,Namibe,AO,2021-03-12 23:01:45,-15.1961,12.1522,76.87,77,88,7.58
141,Mahebourg,MU,2021-03-12 23:01:04,-20.4081,57.7,78.8,73,40,6.91
142,Nanortalik,GL,2021-03-12 23:02:02,60.1432,-45.2371,14.85,69,1,9.78
143,Jamestown,US,2021-03-12 22:57:57,42.097,-79.2353,46.4,36,1,16.89
144,Saint-Augustin,CA,2021-03-12 23:02:02,51.226,-58.6502,30.87,82,100,23.17
145,Busselton,AU,2021-03-12 23:01:14,-33.65,115.3333,46.0,87,0,11.7
146,Ushuaia,AR,2021-03-12 23:01:15,-54.8,-68.3,51.8,71,75,31.07
147,Port Alfred,ZA,2021-03-12 23:01:41,-33.5906,26.891,74.77,84,12,17.92
148,Aguimes,ES,2021-03-12 23:02:04,27.9054,-15.4461,63.0,77,20,13.8
149,Sorland,NO,2021-03-12 23:02:04,67.667,12.6934,38.89,83,100,16.15
150,Port Alfred,ZA,2021-03-12 23:01:41,-33.5906,26.891,74.77,84,12,17.92
151,Bredasdorp,ZA,2021-03-12 23:02:05,-34.5322,20.0403,59.0,94,62,3.44
152,Jeremie,HT,2021-03-12 23:02:05,18.65,-74.1167,76.14,81,12,12.75
153,Tete,MZ,2021-03-12 23:02:06,-16.1564,33.5867,77.0,83,75,11.5
154,Nanortalik,GL,2021-03-12 23:02:02,60.1432,-45.2371,14.85,69,1,9.78
155,Concarneau,FR,2021-03-12 23:02:06,47.875,-3.9225,51.8,87,75,19.57
156,Taoudenni,ML,2021-03-12 23:01:58,22.6783,-3.9836,67.23,34,0,10.04
157,Georgetown,MY,2021-03-12 23:01:15,5.4112,100.3354,77.0,94,20,3.44
158,Necochea,AR,2021-03-12 23:01:43,-38.5473,-58.7368,66.0,60,12,3.0
159,Narsaq,GL,2021-03-12 23:02:08,60.9167,-46.05,14.0,62,75,10.36
160,Albany,US,2021-03-12 23:00:34,42.6001,-73.9662,55.4,25,1,17.27
161,Ribeira Grande,PT,2021-03-12 23:01:38,38.5167,-28.7,60.06,82,100,16.46
162,Hermanus,ZA,2021-03-12 23:01:18,-34.4187,19.2345,63.0,92,88,3.0
163,Kruisfontein,ZA,2021-03-12 22:52:31,-34.0033,24.7314,69.53,64,69,2.51
164,Bredasdorp,ZA,2021-03-12 23:02:05,-34.5322,20.0403,59.0,94,62,3.44
165,Saint Anthony,US,2021-03-12 23:02:10,45.0205,-93.218,44.6,36,1,3.44
166,Ushuaia,AR,2021-03-12 23:01:15,-54.8,-68.3,51.8,71,75,31.07
167,Bredasdorp,ZA,2021-03-12 23:02:05,-34.5322,20.0403,59.0,94,62,3.44
168,Brae,GB,2021-03-12 23:01:32,60.3964,-1.353,41.0,81,75,26.46
169,Borovoy,RU,2021-03-12 23:02:11,55.4333,86.0833,1.4,71,0,6.71
170,Ribeira Grande,PT,2021-03-12 23:01:38,38.5167,-28.7,60.06,82,100,16.46
171,Iqaluit,CA,2021-03-12 23:01:17,63.7506,-68.5145,-11.0,64,20,13.8
172,Upernavik,GL,2021-03-12 23:01:57,72.7868,-56.1549,-1.64,67,18,2.28
173,Kargasok,RU,2021-03-12 23:02:12,59.0556,80.8572,-9.85,99,88,5.26
174,Erie,US,2021-03-12 22:58:11,42.7667,-78.6664,41.0,69,40,18.1
175,Malindi,KE,2021-03-12 23:02:13,-3.2175,40.1191,78.6,81,48,7.25
176,Jamestown,US,2021-03-12 22:57:57,42.097,-79.2353,46.4,36,1,16.89
177,Snasa,NO,2021-03-12 23:02:14,64.2457,12.3778,26.08,88,93,4.63
178,Dikson,RU,2021-03-12 23:01:23,73.5069,80.5464,-10.53,92,100,17.74
179,Narsaq,GL,2021-03-12 23:02:08,60.9167,-46.05,14.0,62,75,10.36
180,Clyde River,CA,2021-03-12 23:02:14,70.4692,-68.5914,-2.2,84,90,19.57
181,Ponta Do Sol,PT,2021-03-12 23:01:38,32.6667,-17.1,57.99,69,86,1.01
182,Carauari,BR,2021-03-12 23:02:15,-4.8828,-66.8958,76.14,91,61,2.04
183,Jamestown,US,2021-03-12 22:57:57,42.097,-79.2353,46.4,36,1,16.89
184,Ushuaia,AR,2021-03-12 23:01:15,-54.8,-68.3,51.8,71,75,31.07
185,Ushuaia,AR,2021-03-12 23:01:15,-54.8,-68.3,51.8,71,75,31.07
186,Hermanus,ZA,2021-03-12 23:01:18,-34.4187,19.2345,63.0,92,88,3.0
187,Ushuaia,AR,2021-03-12 23:01:15,-54.8,-68.3,51.8,71,75,31.07
188,Upernavik,GL,2021-03-12 23:01:57,72.7868,-56.1549,-1.64,67,18,2.28
189,Ceres,US,2021-03-12 22:59:25,37.5949,-120.9577,63.0,44,1,3.44
190,Cape Town,ZA,2021-03-12 22:56:26,-33.9258,18.4232,66.0,94,0,4.61
191,Labuhan,ID,2021-03-12 23:02:17,-6.8844,112.2051,77.23,84,99,5.28
192,Torbay,CA,2021-03-12 23:02:18,47.6666,-52.7314,42.01,100,90,35.68
193,Villa Rica,US,2021-03-12 23:02:18,33.7321,-84.9191,75.0,57,76,5.01
194,Dovolnoye,RU,2021-03-12 23:02:19,54.4958,79.6671,-7.91,98,94,8.03
195,Arraial Do Cabo,BR,2021-03-12 23:01:29,-22.9661,-42.0278,78.8,89,75,3.44
196,Ushuaia,AR,2021-03-12 23:01:15,-54.8,-68.3,51.8,71,75,31.07
197,Kasongo-Lunda,CD,2021-03-12 23:02:20,-6.4667,16.8167,70.68,95,99,1.01
198,Cayenne,GF,2021-03-12 23:01:12,4.9333,-52.3333,73.4,94,0,2.3
199,Markapur,IN,2021-03-12 23:02:21,15.7333,79.2833,66.74,66,0,2.89
200,Dikson,RU,2021-03-12 23:01:23,73.5069,80.5464,-10.53,92,100,17.74
201,Port Alfred,ZA,2021-03-12 23:01:41,-33.5906,26.891,74.77,84,12,17.92
202,Iqaluit,CA,2021-03-12 23:01:17,63.7506,-68.5145,-11.0,64,20,13.8
203,Qaanaaq,GL,2021-03-12 23:01:32,77.484,-69.3632,-2.07,78,99,1.59
204,Moba,CN,2021-03-12 23:02:23,33.2288,105.0179,39.76,90,0,1.92
205,Grootfontein,NA,2021-03-12 23:02:23,-19.5667,18.1167,68.0,77,6,4.61
206,Mar Del Plata,AR,2021-03-12 23:02:23,-38.0023,-57.5575,64.99,63,0,6.91
207,Roald,NO,2021-03-12 23:02:24,62.5833,6.1333,41.0,70,40,10.36
208,Rostusa,MK,2021-03-12 23:02:24,41.61,20.6,36.21,87,31,2.13
209,Carnarvon,AU,2021-03-12 23:01:30,-24.8667,113.6333,77.0,69,55,17.27
210,Liepaja,LV,2021-03-12 23:02:25,56.5419,21.0367,37.4,93,75,18.41
211,Vieste,IT,2021-03-12 23:02:25,41.8825,16.175,55.4,71,40,2.3
212,Wattegama,LK,2021-03-12 23:02:26,6.7989,81.4808,72.41,87,12,5.55
213,Torbay,CA,2021-03-12 23:02:18,47.6666,-52.7314,42.01,100,90,35.68
214,Santiago Del Estero,AR,2021-03-12 23:01:30,-27.7951,-64.2615,80.04,44,12,7.61
215,Irtyshskiy,RU,2021-03-12 23:02:27,58.3333,68.1333,2.17,95,100,9.57
216,Garmsar,IR,2021-03-12 23:02:27,35.2182,52.3409,42.46,59,100,9.73
217,Fuquay-Varina,US,2021-03-12 23:00:01,35.5843,-78.8,77.0,41,90,5.26
218,Lebu,CL,2021-03-12 23:02:28,-37.6167,-73.65,59.23,83,0,16.46
219,San Ramon,US,2021-03-12 22:58:40,37.7799,-121.978,68.0,25,1,5.75
220,Victoria,HK,2021-03-12 23:01:24,22.2855,114.1577,70.0,84,87,18.39
221,Oranjestad,AW,2021-03-12 23:00:11,12.524,-70.027,82.4,65,20,16.11
222,Mar Del Plata,AR,2021-03-12 23:02:23,-38.0023,-57.5575,64.99,63,0,6.91
223,Ushuaia,AR,2021-03-12 23:01:15,-54.8,-68.3,51.8,71,75,31.07
224,Port Elizabeth,ZA,2021-03-12 22:59:58,-33.918,25.5701,68.0,94,0,5.37
225,Cape Town,ZA,2021-03-12 22:56:26,-33.9258,18.4232,66.0,94,0,4.61
226,Deogarh,IN,2021-03-12 23:01:28,21.5333,84.7333,70.03,48,23,1.95
227,Garowe,SO,2021-03-12 23:02:30,8.4054,48.4845,63.21,87,0,6.31
228,Souillac,MU,2021-03-12 23:02:30,-20.5167,57.5167,78.8,73,40,6.91
229,Las Matas De Farfan,DO,2021-03-12 23:02:31,18.8731,-71.5166,70.68,83,29,3.38
230,Busselton,AU,2021-03-12 23:01:14,-33.65,115.3333,46.0,87,0,11.7
231,Bonthe,SL,2021-03-12 23:02:32,7.5264,-12.505,80.6,81,71,10.8
232,Cape Town,ZA,2021-03-12 22:56:26,-33.9258,18.4232,66.0,94,0,4.61
233,Hermanus,ZA,2021-03-12 23:01:18,-34.4187,19.2345,63.0,92,88,3.0
234,Saint-Augustin,CA,2021-03-12 23:02:02,51.226,-58.6502,30.87,82,100,23.17
235,Bredasdorp,ZA,2021-03-12 23:02:05,-34.5322,20.0403,59.0,94,62,3.44
236,Ilulissat,GL,2021-03-12 23:02:33,69.2167,-51.1,8.6,66,44,3.53
237,Port Alfred,ZA,2021-03-12 23:01:41,-33.5906,26.891,74.77,84,12,17.92
238,Ushuaia,AR,2021-03-12 23:01:15,-54.8,-68.3,51.8,71,75,31.07
239,Victoria,HK,2021-03-12 23:01:24,22.2855,114.1577,70.0,84,87,18.39
240,Vila Franca Do Campo,PT,2021-03-12 23:02:34,37.7167,-25.4333,57.2,94,75,6.91
241,Qaanaaq,GL,2021-03-12 23:01:32,77.484,-69.3632,-2.07,78,99,1.59
242,Tasiilaq,GL,2021-03-12 23:01:21,65.6145,-37.6368,15.8,86,90,2.3
243,Chipinge,ZW,2021-03-12 23:02:35,-20.1883,32.6236,62.49,94,24,7.38
244,Busselton,AU,2021-03-12 23:01:14,-33.65,115.3333,46.0,87,0,11.7
245,Dikson,RU,2021-03-12 23:01:23,73.5069,80.5464,-10.53,92,100,17.74
246,Dikson,RU,2021-03-12 23:01:23,73.5069,80.5464,-10.53,92,100,17.74
247,Cape Town,ZA,2021-03-12 22:56:26,-33.9258,18.4232,66.0,94,0,4.61
248,Ushuaia,AR,2021-03-12 23:01:15,-54.8,-68.3,51.8,71,75,31.07
249,Dikson,RU,2021-03-12 23:01:23,73.5069,80.5464,-10.53,92,100,17.74
250,Castro,BR,2021-03-12 22:58:28,-24.7911,-50.0119,65.43,71,6,2.62
251,Port Shepstone,ZA,2021-03-12 23:02:37,-30.7414,30.455,75.16,85,42,17.56
252,Ambilobe,MG,2021-03-12 23:02:38,-13.2,49.05,72.97,94,41,1.99
253,Hithadhoo,MV,2021-03-12 23:01:44,-0.6,73.0833,83.5,62,64,5.84
254,Ribeira Grande,PT,2021-03-12 23:01:38,38.5167,-28.7,60.06,82,100,16.46
255,Kashan,IR,2021-03-12 23:02:38,33.9831,51.4364,42.17,65,90,12.82
256,Sao Felix Do Xingu,BR,2021-03-12 23:02:39,-6.6447,-51.995,74.34,92,52,0.92
257,Nanortalik,GL,2021-03-12 23:02:02,60.1432,-45.2371,14.85,69,1,9.78
258,Cape Town,ZA,2021-03-12 22:56:26,-33.9258,18.4232,66.0,94,0,4.61
259,Annigeri,IN,2021-03-12 23:02:40,15.4333,75.4333,67.33,31,0,1.61
260,Faya,SA,2021-03-12 23:01:52,18.3851,42.4509,62.6,82,0,0.83
261,Ushuaia,AR,2021-03-12 23:01:15,-54.8,-68.3,51.8,71,75,31.07
262,Bandarbeyla,SO,2021-03-12 23:02:41,9.4942,50.8122,76.1,74,0,7.72
263,Sept-Iles,CA,2021-03-12 23:01:25,50.2001,-66.3821,28.99,59,90,17.27
264,Boundiali,CI,2021-03-12 23:02:41,9.5217,-6.4869,83.71,28,86,2.26
265,Kilindoni,TZ,2021-03-12 23:02:42,-7.9139,39.6668,80.53,71,1,7.25
266,Hobyo,SO,2021-03-12 23:01:17,5.3505,48.5268,77.25,82,58,12.75
267,Old Bridge,US,2021-03-12 23:02:43,40.4148,-74.3654,64.4,19,1,20.71
268,Busselton,AU,2021-03-12 23:01:14,-33.65,115.3333,46.0,87,0,11.7
269,Cidreira,BR,2021-03-12 22:59:38,-30.1811,-50.2056,72.12,75,13,5.39
270,Sioux Lookout,CA,2021-03-12 23:02:44,50.1001,-91.917,26.6,36,20,10.36
271,Mar Del Plata,AR,2021-03-12 23:02:23,-38.0023,-57.5575,64.99,63,0,6.91
272,Dikson,RU,2021-03-12 23:01:23,73.5069,80.5464,-10.53,92,100,17.74
273,Olinda,BR,2021-03-12 23:02:45,-8.0089,-34.8553,80.6,65,40,9.22
274,Dekernes,EG,2021-03-12 23:02:45,31.0876,31.595,59.0,63,40,11.5
275,Busselton,AU,2021-03-12 23:01:14,-33.65,115.3333,46.0,87,0,11.7
276,Adre,TD,2021-03-12 23:02:46,13.4667,22.2,77.29,9,32,16.26
277,Clyde River,CA,2021-03-12 23:02:14,70.4692,-68.5914,-2.2,84,90,19.57
278,Mahebourg,MU,2021-03-12 23:01:04,-20.4081,57.7,78.8,73,40,6.91
279,Altay,CN,2021-03-12 23:02:47,47.8667,88.1167,32.29,51,84,4.12
280,Bambous Virieux,MU,2021-03-12 23:02:48,-20.3428,57.7575,78.8,73,40,6.91
281,Berlevag,NO,2021-03-12 23:01:13,70.8578,29.0864,19.4,86,75,17.27
282,Port Alfred,ZA,2021-03-12 23:01:41,-33.5906,26.891,74.77,84,12,17.92
283,Valparaiso,CL,2021-03-12 23:02:48,-33.0393,-71.6273,63.0,82,20,5.75
284,Ponta Do Sol,PT,2021-03-12 23:01:38,32.6667,-17.1,57.99,69,86,1.01
285,Saint-Philippe,RE,2021-03-12 23:01:53,-21.3585,55.7679,77.0,69,0,8.05
286,Klaksvik,FO,2021-03-12 23:01:56,62.2266,-6.589,39.2,87,75,11.5
287,Port Alfred,ZA,2021-03-12 23:01:41,-33.5906,26.891,74.77,84,12,17.92
288,Chakulia,IN,2021-03-12 23:02:50,22.4833,86.7167,68.29,91,38,1.99
289,Lucapa,AO,2021-03-12 23:02:50,-8.4192,20.7447,67.55,95,99,3.09
290,Busselton,AU,2021-03-12 23:01:14,-33.65,115.3333,46.0,87,0,11.7
291,Elizabeth City,US,2021-03-12 23:02:51,36.2946,-76.2511,72.0,49,1,5.75
292,Port Alfred,ZA,2021-03-12 23:01:41,-33.5906,26.891,74.77,84,12,17.92
293,Hambantota,LK,2021-03-12 23:02:51,6.1241,81.1185,77.59,77,20,15.95
294,Ponta Do Sol,PT,2021-03-12 23:01:38,32.6667,-17.1,57.99,69,86,1.01
295,Upata,VE,2021-03-12 23:02:52,8.0086,-62.3989,75.0,88,13,3.0
296,Ribeira Grande,PT,2021-03-12 23:01:38,38.5167,-28.7,60.06,82,100,16.46
297,Mar Del Plata,AR,2021-03-12 23:02:23,-38.0023,-57.5575,64.99,63,0,6.91
298,Boa Vista,BR,2021-03-12 23:02:53,2.8197,-60.6733,80.6,69,75,8.05
299,Cape Town,ZA,2021-03-12 22:56:26,-33.9258,18.4232,66.0,94,0,4.61
300,Torbay,CA,2021-03-12 23:02:18,47.6666,-52.7314,42.01,100,90,35.68
301,Mana,GF,2021-03-12 23:02:54,5.6592,-53.7767,74.03,96,100,10.18
302,Maceio,BR,2021-03-12 23:02:54,-9.6658,-35.7353,77.0,88,0,3.44
303,Souillac,MU,2021-03-12 23:02:30,-20.5167,57.5167,78.8,73,40,6.91
304,Punta Arenas,CL,2021-03-12 23:01:19,-53.15,-70.9167,55.4,67,75,24.16
305,Ilulissat,GL,2021-03-12 23:02:33,69.2167,-51.1,8.6,66,44,3.53
306,Necochea,AR,2021-03-12 23:01:43,-38.5473,-58.7368,66.0,60,12,3.0
307,Cape Town,ZA,2021-03-12 22:56:26,-33.9258,18.4232,66.0,94,0,4.61
308,Longyearbyen,SJ,2021-03-12 23:01:42,78.2186,15.6401,-0.83,87,40,1.88
309,Port Alfred,ZA,2021-03-12 23:01:41,-33.5906,26.891,74.77,84,12,17.92
310,Chokwe,MZ,2021-03-12 23:02:56,-24.5333,32.9833,67.8,92,0,2.42
311,Lewisville,US,2021-03-12 23:01:57,33.0462,-96.9942,78.8,61,90,16.11
312,Mahebourg,MU,2021-03-12 23:01:04,-20.4081,57.7,78.8,73,40,6.91
313,Alta Floresta,BR,2021-03-12 23:02:57,-9.8756,-56.0861,73.42,93,93,1.92
314,Plainfield,US,2021-03-12 23:01:52,40.6168,-74.4173,62.6,19,1,20.71
315,Ushuaia,AR,2021-03-12 23:01:15,-54.8,-68.3,51.8,71,75,31.07
316,Ilulissat,GL,2021-03-12 23:02:33,69.2167,-51.1,8.6,66,44,3.53
317,Qaanaaq,GL,2021-03-12 23:01:32,77.484,-69.3632,-2.07,78,99,1.59
318,Busselton,AU,2021-03-12 23:01:14,-33.65,115.3333,46.0,87,0,11.7
319,Busselton,AU,2021-03-12 23:01:14,-33.65,115.3333,46.0,87,0,11.7
320,Ushuaia,AR,2021-03-12 23:01:15,-54.8,-68.3,51.8,71,75,31.07
321,Richards Bay,ZA,2021-03-12 23:03:00,-28.783,32.0377,72.28,95,3,6.38
322,Dharur,IN,2021-03-12 23:03:00,18.8167,76.1167,73.92,21,15,8.46
323,Raudeberg,NO,2021-03-12 23:03:01,61.9875,5.1352,39.99,85,81,17.87
324,Punta Arenas,CL,2021-03-12 23:01:19,-53.15,-70.9167,55.4,67,75,24.16
325,Hamilton,US,2021-03-12 23:02:51,39.1834,-84.5333,57.99,33,1,9.22
326,Ushuaia,AR,2021-03-12 23:01:15,-54.8,-68.3,51.8,71,75,31.07
327,Necochea,AR,2021-03-12 23:01:43,-38.5473,-58.7368,66.0,60,12,3.0
328,Peniche,PT,2021-03-12 23:03:02,39.3558,-9.3811,51.01,85,99,1.01
329,Punta Arenas,CL,2021-03-12 23:01:19,-53.15,-70.9167,55.4,67,75,24.16
330,Codrington,AU,2021-03-12 23:01:45,-38.2667,141.9667,63.03,94,100,13.22
331,Georgetown,MY,2021-03-12 23:01:15,5.4112,100.3354,77.0,94,20,3.44
332,Cape Town,ZA,2021-03-12 22:56:26,-33.9258,18.4232,66.0,94,0,4.61
333,Qaqortoq,GL,2021-03-12 23:03:04,60.7167,-46.0333,14.0,62,75,10.36
334,Rundu,NA,2021-03-12 23:03:04,-17.9333,19.7667,68.09,60,0,3.62
335,Ushuaia,AR,2021-03-12 23:01:15,-54.8,-68.3,51.8,71,75,31.07
336,Mayumba,GA,2021-03-12 23:03:05,-3.432,10.6554,77.74,87,100,8.43
337,Busselton,AU,2021-03-12 23:01:14,-33.65,115.3333,46.0,87,0,11.7
338,Mahebourg,MU,2021-03-12 23:01:04,-20.4081,57.7,78.8,73,40,6.91
339,Mugumu,TZ,2021-03-12 23:02:03,-1.85,34.7,60.85,65,54,5.97
340,Tasiilaq,GL,2021-03-12 23:01:21,65.6145,-37.6368,15.8,86,90,2.3
341,Chamba,IN,2021-03-12 23:03:06,32.5667,76.1333,55.94,38,4,10.29
342,Soria,ES,2021-03-12 23:03:06,41.6667,-2.6667,41.0,65,0,5.68
343,Busselton,AU,2021-03-12 23:01:14,-33.65,115.3333,46.0,87,0,11.7
344,Jamestown,US,2021-03-12 22:57:57,42.097,-79.2353,46.4,36,1,16.89
345,Blagoyevo,RU,2021-03-12 23:03:07,63.3667,47.9167,9.82,89,26,8.7
346,Jamestown,US,2021-03-12 22:57:57,42.097,-79.2353,46.4,36,1,16.89
347,Tres Lagoas,BR,2021-03-12 23:03:08,-20.7511,-51.6783,77.13,63,84,3.18
348,Hamina,FI,2021-03-12 23:03:09,60.5697,27.1979,25.0,93,90,6.91
349,Opuwo,NA,2021-03-12 23:03:09,-18.0607,13.84,68.85,56,35,2.24
350,Dikson,RU,2021-03-12 23:01:23,73.5069,80.5464,-10.53,92,100,17.74
351,Noyabrsk,RU,2021-03-12 23:03:10,63.1994,75.4507,-2.79,95,100,20.49
352,Beirut,LB,2021-03-12 22:59:53,33.8889,35.4944,57.2,58,0,4.61
353,Altamira,BR,2021-03-12 22:59:57,-3.2033,-52.2064,74.53,98,76,2.77
354,Luanda,AO,2021-03-12 23:03:11,-8.8368,13.2343,77.0,83,40,10.36
355,Lukulu,ZM,2021-03-12 23:03:11,-14.3707,23.242,67.23,92,100,7.54
356,Ushuaia,AR,2021-03-12 23:01:15,-54.8,-68.3,51.8,71,75,31.07
357,Lujan,AR,2021-03-12 23:03:12,-34.5703,-59.105,77.0,52,1,8.63
358,Busselton,AU,2021-03-12 23:01:14,-33.65,115.3333,46.0,87,0,11.7
359,Katakwi,UG,2021-03-12 23:03:12,1.8911,33.9661,72.1,46,88,6.96
360,Olafsvik,IS,2021-03-12 23:03:13,64.8945,-23.7142,29.32,75,62,21.41
361,Georgetown,MY,2021-03-12 23:01:15,5.4112,100.3354,77.0,94,20,3.44
362,Kyzyl-Suu,KG,2021-03-12 23:01:42,42.3414,78.0056,40.93,37,88,11.9
363,Saint-Pierre,RE,2021-03-12 23:03:14,-21.3393,55.4781,77.0,69,0,8.05
364,Mahebourg,MU,2021-03-12 23:01:04,-20.4081,57.7,78.8,73,40,6.91
365,Mahebourg,MU,2021-03-12 23:01:04,-20.4081,57.7,78.8,73,40,6.91
366,Saint-Philippe,RE,2021-03-12 23:01:53,-21.3585,55.7679,77.0,69,0,8.05
367,Saint George,US,2021-03-12 23:00:09,37.1041,-113.5841,44.01,81,75,3.44
368,Georgetown,MY,2021-03-12 23:01:15,5.4112,100.3354,77.0,94,20,3.44
369,Ushuaia,AR,2021-03-12 23:01:15,-54.8,-68.3,51.8,71,75,31.07
370,Los Llanos De Aridane,ES,2021-03-12 22:59:35,28.6585,-17.9182,64.4,72,75,8.05
371,Kushmurun,KZ,2021-03-12 23:01:47,52.4503,64.6311,-10.07,89,0,9.22
372,Cape Town,ZA,2021-03-12 22:56:26,-33.9258,18.4232,66.0,94,0,4.61
373,Verkhnyaya Maksakovka,RU,2021-03-12 23:03:17,61.635,50.9674,8.6,72,0,8.95
374,Ati,TD,2021-03-12 23:03:17,13.2154,18.3353,86.43,7,1,13.53
375,Georgetown,MY,2021-03-12 23:01:15,5.4112,100.3354,77.0,94,20,3.44
376,Bubaque,GW,2021-03-12 23:03:18,11.2833,-15.8333,78.87,63,0,10.87
377,Qaqortoq,GL,2021-03-12 23:03:04,60.7167,-46.0333,14.0,62,75,10.36
378,Cape Town,ZA,2021-03-12 22:56:26,-33.9258,18.4232,66.0,94,0,4.61
379,Ushuaia,AR,2021-03-12 23:01:15,-54.8,-68.3,51.8,71,75,31.07
380,Saint-Joseph,RE,2021-03-12 23:03:19,-21.3667,55.6167,77.0,69,0,8.05
381,Port Alfred,ZA,2021-03-12 23:01:41,-33.5906,26.891,74.77,84,12,17.92
382,Comodoro Rivadavia,AR,2021-03-12 23:00:01,-45.8667,-67.5,71.6,37,0,10.36
383,Ushuaia,AR,2021-03-12 23:01:15,-54.8,-68.3,51.8,71,75,31.07
384,Beyneu,KZ,2021-03-12 23:03:20,45.3167,55.2,19.81,44,100,13.69
385,Goderich,CA,2021-03-12 23:01:26,43.7501,-81.7165,32.0,64,40,17.27
386,Vila Franca Do Campo,PT,2021-03-12 23:02:34,37.7167,-25.4333,57.2,94,75,6.91
387,Vryburg,ZA,2021-03-12 23:03:21,-26.9566,24.7284,68.02,51,0,9.8
388,Armizonskoye,RU,2021-03-12 23:03:21,55.9461,67.6736,-7.62,98,20,10.51
389,Roskilde,DK,2021-03-12 23:03:22,55.6415,12.0803,37.4,93,90,11.5
390,Mahebourg,MU,2021-03-12 23:01:04,-20.4081,57.7,78.8,73,40,6.91
391,Chuy,UY,2021-03-12 23:03:23,-33.6971,-53.4616,68.32,92,17,10.18
392,Mar Del Plata,AR,2021-03-12 23:02:23,-38.0023,-57.5575,64.99,63,0,6.91
393,Dundwaraganj,IN,2021-03-12 23:03:23,27.7333,78.95,66.72,57,100,5.53
394,Nantucket,US,2021-03-12 22:59:55,41.2835,-70.0995,51.8,71,1,11.5
395,Busselton,AU,2021-03-12 23:01:14,-33.65,115.3333,46.0,87,0,11.7
396,Ballina,AU,2021-03-12 23:03:24,-28.8667,153.5667,75.0,88,75,3.44
397,Ushuaia,AR,2021-03-12 23:01:15,-54.8,-68.3,51.8,71,75,31.07
398,La Ciotat,FR,2021-03-12 23:03:25,43.1748,5.6045,53.01,61,0,8.01
399,Punta Arenas,CL,2021-03-12 23:01:19,-53.15,-70.9167,55.4,67,75,24.16
400,Dikson,RU,2021-03-12 23:01:23,73.5069,80.5464,-10.53,92,100,17.74
401,Cape Town,ZA,2021-03-12 22:56:26,-33.9258,18.4232,66.0,94,0,4.61
402,Ushuaia,AR,2021-03-12 23:01:15,-54.8,-68.3,51.8,71,75,31.07
403,Lebu,CL,2021-03-12 23:02:28,-37.6167,-73.65,59.23,83,0,16.46
404,Marzuq,YE,2021-03-12 23:03:26,14.4,46.4667,58.51,26,8,5.01
405,Clyde River,CA,2021-03-12 23:02:14,70.4692,-68.5914,-2.2,84,90,19.57
406,Surt,LY,2021-03-12 23:03:27,31.2089,16.5887,57.18,64,25,9.17
407,Castro,BR,2021-03-12 22:58:28,-24.7911,-50.0119,65.43,71,6,2.62
408,Morondava,MG,2021-03-12 23:03:27,-20.2833,44.2833,79.86,76,0,8.14
409,Haverfordwest,GB,2021-03-12 23:01:44,51.8017,-4.9691,45.0,93,100,21.0
410,Vardo,NO,2021-03-12 23:03:28,70.3705,31.1107,23.0,74,75,11.5
411,Mar Del Plata,AR,2021-03-12 23:02:23,-38.0023,-57.5575,64.99,63,0,6.91
412,Santa Marta,CO,2021-03-12 23:02:22,11.2408,-74.199,84.0,64,55,11.01
413,Busselton,AU,2021-03-12 23:01:14,-33.65,115.3333,46.0,87,0,11.7
414,Salalah,OM,2021-03-12 23:03:29,17.0151,54.0924,71.6,78,0,2.3
415,Gilgit,PK,2021-03-12 23:03:30,35.9221,74.3087,40.28,83,96,1.95
416,Kaura Namoda,NG,2021-03-12 23:03:30,12.5898,6.5779,78.01,14,20,5.91
417,Camacha,PT,2021-03-12 23:03:30,33.0833,-16.3333,60.8,67,75,8.05
418,Jacksonville,US,2021-03-12 23:03:31,30.3322,-81.6556,75.2,56,40,12.66
419,Saldanha,ZA,2021-03-12 23:01:36,-33.0117,17.9442,60.8,88,44,4.61
420,Klaksvik,FO,2021-03-12 23:01:56,62.2266,-6.589,39.2,87,75,11.5
421,Georgetown,MY,2021-03-12 23:01:15,5.4112,100.3354,77.0,94,20,3.44
422,Balkhash,KZ,2021-03-12 23:03:32,46.844,74.9804,19.87,63,100,18.86
423,Torbay,CA,2021-03-12 23:02:18,47.6666,-52.7314,42.01,100,90,35.68
424,Sioux Lookout,CA,2021-03-12 23:02:44,50.1001,-91.917,26.6,36,20,10.36
425,Talara,PE,2021-03-12 23:03:33,-4.5772,-81.2719,82.4,57,0,9.22
426,Piacabucu,BR,2021-03-12 23:01:16,-10.4056,-36.4344,79.18,78,44,10.76
427,Asfi,MA,2021-03-12 23:03:34,32.2994,-9.2372,57.29,86,12,20.24
428,Porto Novo,BJ,2021-03-12 23:03:34,6.4965,2.6036,84.2,84,40,13.8
429,Upernavik,GL,2021-03-12 23:01:57,72.7868,-56.1549,-1.64,67,18,2.28
430,Boa Vista,BR,2021-03-12 23:02:53,2.8197,-60.6733,80.6,69,75,8.05
431,Ponta Do Sol,PT,2021-03-12 23:01:38,32.6667,-17.1,57.99,69,86,1.01
432,Chibuto,MZ,2021-03-12 23:03:35,-24.6867,33.5306,68.95,94,0,3.91
433,Arraial Do Cabo,BR,2021-03-12 23:01:29,-22.9661,-42.0278,78.8,89,75,3.44
434,Port Alfred,ZA,2021-03-12 23:01:41,-33.5906,26.891,74.77,84,12,17.92
435,Punta Arenas,CL,2021-03-12 23:01:19,-53.15,-70.9167,55.4,67,75,24.16
436,Ushuaia,AR,2021-03-12 23:01:15,-54.8,-68.3,51.8,71,75,31.07
437,Grand Gaube,MU,2021-03-12 23:03:36,-20.0064,57.6608,75.0,76,99,3.0
438,Dikson,RU,2021-03-12 23:01:23,73.5069,80.5464,-10.53,92,100,17.74
439,Bambous Virieux,MU,2021-03-12 23:02:48,-20.3428,57.7575,78.8,73,40,6.91
440,Torbay,CA,2021-03-12 23:02:18,47.6666,-52.7314,42.01,100,90,35.68
441,Dehloran,IR,2021-03-12 23:03:37,32.6941,47.2679,54.45,75,9,1.88
442,Takoradi,GH,2021-03-12 23:03:38,4.8845,-1.7554,81.14,84,100,7.74
443,Boddam,GB,2021-03-12 23:03:38,57.4667,-1.7833,35.6,87,92,11.5
444,Ocumare Del Tuy,VE,2021-03-12 23:03:39,10.1165,-66.7761,80.6,78,40,3.44
445,Ushuaia,AR,2021-03-12 23:01:15,-54.8,-68.3,51.8,71,75,31.07
446,Arraial Do Cabo,BR,2021-03-12 23:01:29,-22.9661,-42.0278,78.8,89,75,3.44
447,Sambava,MG,2021-03-12 23:03:40,-14.2667,50.1667,76.42,85,50,10.54
448,Vardo,NO,2021-03-12 23:03:28,70.3705,31.1107,23.0,74,75,11.5
449,Kruisfontein,ZA,2021-03-12 23:03:41,-34.0033,24.7314,68.0,88,69,1.99
450,Upernavik,GL,2021-03-12 23:01:57,72.7868,-56.1549,-1.64,67,18,2.28
451,Jamestown,US,2021-03-12 22:57:57,42.097,-79.2353,46.4,36,1,16.89
452,Qaanaaq,GL,2021-03-12 23:01:32,77.484,-69.3632,-2.07,78,99,1.59
453,Kruisfontein,ZA,2021-03-12 23:03:41,-34.0033,24.7314,68.0,88,69,1.99
454,Riyadh,SA,2021-03-12 23:00:01,24.6877,46.7219,73.4,25,1,11.5
455,Sibiti,CG,2021-03-12 23:03:42,-3.6819,13.3499,66.97,97,98,1.68
456,Ushuaia,AR,2021-03-12 23:01:15,-54.8,-68.3,51.8,71,75,31.07
457,Nanortalik,GL,2021-03-12 23:02:02,60.1432,-45.2371,14.85,69,1,9.78
458,Ashwaubenon,US,2021-03-12 23:03:43,44.4822,-88.0701,39.99,33,1,5.75
459,Caravelas,BR,2021-03-12 23:03:43,-17.7125,-39.2481,73.96,80,0,5.93
460,Bengkulu,ID,2021-03-12 23:03:44,-3.8004,102.2655,74.44,80,97,5.77
461,Gayeri,BF,2021-03-12 23:03:44,12.6497,0.4931,79.75,16,45,9.37
462,Lodwar,KE,2021-03-12 23:03:45,3.1191,35.5973,83.52,36,95,6.42
463,Saint George,US,2021-03-12 23:00:09,37.1041,-113.5841,44.01,81,75,3.44
464,Clyde River,CA,2021-03-12 23:02:14,70.4692,-68.5914,-2.2,84,90,19.57
465,Georgetown,MY,2021-03-12 23:01:15,5.4112,100.3354,77.0,94,20,3.44
466,Bredasdorp,ZA,2021-03-12 23:02:05,-34.5322,20.0403,59.0,94,62,3.44
467,Bengkulu,ID,2021-03-12 23:03:44,-3.8004,102.2655,74.44,80,97,5.77
468,Praia Da Vitoria,PT,2021-03-12 23:03:47,38.7333,-27.0667,59.0,94,75,10.83
469,Jamestown,US,2021-03-12 22:57:57,42.097,-79.2353,46.4,36,1,16.89
470,Saurimo,AO,2021-03-12 23:03:48,-9.6608,20.3916,66.42,92,95,0.78
471,Port Alfred,ZA,2021-03-12 23:01:41,-33.5906,26.891,74.77,84,12,17.92
472,Usinsk,RU,2021-03-12 23:03:48,65.9939,57.5281,11.43,87,82,17.58
473,Ribeira Grande,PT,2021-03-12 23:01:38,38.5167,-28.7,60.06,82,100,16.46
474,Rovaniemi,FI,2021-03-12 23:01:45,66.5,25.7167,19.4,86,90,6.91
475,Badvel,IN,2021-03-12 23:03:49,14.75,79.05,65.86,78,4,1.99
476,Harper,LR,2021-03-12 23:01:13,4.375,-7.7169,79.11,87,90,5.93
477,Hermanus,ZA,2021-03-12 23:01:18,-34.4187,19.2345,63.0,92,88,3.0
478,Dakar,SN,2021-03-12 23:01:09,14.6937,-17.4441,69.8,68,4,9.22
479,Ushuaia,AR,2021-03-12 23:01:15,-54.8,-68.3,51.8,71,75,31.07
480,Busselton,AU,2021-03-12 23:01:14,-33.65,115.3333,46.0,87,0,11.7
481,Torbay,CA,2021-03-12 23:02:18,47.6666,-52.7314,42.01,100,90,35.68
482,Ushuaia,AR,2021-03-12 23:01:15,-54.8,-68.3,51.8,71,75,31.07
483,Narsaq,GL,2021-03-12 23:02:08,60.9167,-46.05,14.0,62,75,10.36
484,Dikson,RU,2021-03-12 23:01:23,73.5069,80.5464,-10.53,92,100,17.74
485,Praia Da Vitoria,PT,2021-03-12 23:03:47,38.7333,-27.0667,59.0,94,75,10.83
486,Irshava,UA,2021-03-12 23:03:52,48.3167,23.0385,35.01,95,99,3.89
487,Dikson,RU,2021-03-12 23:01:23,73.5069,80.5464,-10.53,92,100,17.74
488,Georgetown,MY,2021-03-12 23:01:15,5.4112,100.3354,77.0,94,20,3.44
489,Bathsheba,BB,2021-03-12 23:01:09,13.2167,-59.5167,78.8,65,40,18.41
490,Upernavik,GL,2021-03-12 23:01:57,72.7868,-56.1549,-1.64,67,18,2.28
491,Ponta Do Sol,PT,2021-03-12 23:01:38,32.6667,-17.1,57.99,69,86,1.01
492,Ilulissat,GL,2021-03-12 23:02:33,69.2167,-51.1,8.6,66,44,3.53
493,Castro,BR,2021-03-12 22:58:28,-24.7911,-50.0119,65.43,71,6,2.62
494,Longyearbyen,SJ,2021-03-12 23:01:42,78.2186,15.6401,-0.83,87,40,1.88
495,Mayumba,GA,2021-03-12 23:03:05,-3.432,10.6554,77.74,87,100,8.43
496,Ushuaia,AR,2021-03-12 23:01:15,-54.8,-68.3,51.8,71,75,31.07
497,Kamenka,RU,2021-03-12 23:03:54,51.3223,42.7678,10.0,84,42,10.67
498,Ushuaia,AR,2021-03-12 23:01:15,-54.8,-68.3,51.8,71,75,31.07
499,Lake Shore,US,2021-03-12 22:59:21,39.1071,-76.485,69.8,40,1,9.22
500,Ushuaia,AR,2021-03-12 23:01:15,-54.8,-68.3,51.8,71,75,31.07
501,Georgetown,MY,2021-03-12 23:01:15,5.4112,100.3354,77.0,94,20,3.44
502,Appleton,US,2021-03-12 23:03:55,44.2619,-88.4154,39.99,10,40,8.05
503,Srivardhan,IN,2021-03-12 23:03:56,18.0333,73.0167,74.75,57,98,6.33
504,Necochea,AR,2021-03-12 23:01:43,-38.5473,-58.7368,66.0,60,12,3.0
505,Pascagoula,US,2021-03-12 23:03:57,30.3658,-88.5561,73.99,68,1,8.05
506,Punta Arenas,CL,2021-03-12 23:01:19,-53.15,-70.9167,55.4,67,75,24.16
507,Port Alfred,ZA,2021-03-12 23:01:41,-33.5906,26.891,74.77,84,12,17.92
508,Dingle,PH,2021-03-12 23:01:25,10.9995,122.6711,76.05,93,100,7.45
509,Vagur,FO,2021-03-12 23:03:58,61.4732,-6.8119,40.26,86,100,15.75
510,Puerto Baquerizo Moreno,EC,2021-03-12 23:03:58,-0.9,-89.6,82.4,89,40,9.22
511,Qaqortoq,GL,2021-03-12 23:03:04,60.7167,-46.0333,14.0,62,75,10.36
512,Kardla,EE,2021-03-12 23:03:59,58.9978,22.7492,36.0,90,100,11.99
513,Vila Do Maio,CV,2021-03-12 23:03:59,15.1333,-23.2167,69.8,64,0,16.11
514,Cape Town,ZA,2021-03-12 22:56:26,-33.9258,18.4232,66.0,94,0,4.61
515,Edremit,TR,2021-03-12 23:04:00,39.5961,27.0244,39.2,81,0,5.75
516,Bandarbeyla,SO,2021-03-12 23:02:41,9.4942,50.8122,76.1,74,0,7.72
517,Inhambane,MZ,2021-03-12 23:01:35,-23.865,35.3833,76.51,87,5,11.99
518,Ribeira Grande,PT,2021-03-12 23:01:38,38.5167,-28.7,60.06,82,100,16.46
519,Manaskent,RU,2021-03-12 23:04:01,42.7275,47.6785,26.6,93,90,6.71
